"ano"	"volume"	"tomo"	"url"
"1957"	"001"	"1"	"https://portal.stf.jus.br/indiceRtj/verPDF.asp?numPDF=001_1"
"1957"	"002"	"1"	"https://portal.stf.jus.br/indiceRtj/verPDF.asp?numPDF=002_1"
"1957"	"003"	"1"	"https://portal.stf.jus.br/indiceRtj/verPDF.asp?numPDF=003_1"
"1958"	"004"	"1"	"https://portal.stf.jus.br/indiceRtj/verPDF.asp?numPDF=004_1"
"1958"	"005"	"1"	"https://portal.stf.jus.br/indiceRtj/verPDF.asp?numPDF=005_1"
"1958"	"006"	"1"	"https://portal.stf.jus.br/indiceRtj/verPDF.asp?numPDF=006_1"
"1958"	"007"	"1"	"https://portal.stf.jus.br/indiceRtj/verPDF.asp?numPDF=007_1"
"1959"	"008"	"1"	"https://portal.stf.jus.br/indiceRtj/verPDF.asp?numPDF=008_1"
"1959"	"009"	"1"	"https://portal.stf.jus.br/indiceRtj/verPDF.asp?numPDF=009_1"
"1959"	"010"	"1"	"https://portal.stf.jus.br/indiceRtj/verPDF.asp?numPDF=010_1"
"1959"	"011"	"1"	"https://portal.stf.jus.br/indiceRtj/verPDF.asp?numPDF=011_1"
"1960"	"012"	"1"	"https://portal.stf.jus.br/indiceRtj/verPDF.asp?numPDF=012_1"
"1960"	"013"	"1"	"https://portal.stf.jus.br/indiceRtj/verPDF.asp?numPDF=013_1"
"1960"	"014"	"1"	"https://portal.stf.jus.br/indiceRtj/verPDF.asp?numPDF=014_1"
"1960"	"015"	"1"	"https://portal.stf.jus.br/indiceRtj/verPDF.asp?numPDF=015_1"
"1961"	"016"	"1"	"https://portal.stf.jus.br/indiceRtj/verPDF.asp?numPDF=016_1"
"1961"	"017"	"1"	"https://portal.stf.jus.br/indiceRtj/verPDF.asp?numPDF=017_1"
"1961"	"018"	"1"	"https://portal.stf.jus.br/indiceRtj/verPDF.asp?numPDF=018_1"
"1961"	"019"	"1"	"https://portal.stf.jus.br/indiceRtj/verPDF.asp?numPDF=019_1"
"1962"	"020"	"1"	"https://portal.stf.jus.br/indiceRtj/verPDF.asp?numPDF=020_1"
"1962"	"021"	"1"	"https://portal.stf.jus.br/indiceRtj/verPDF.asp?numPDF=021_1"
"1962"	"022"	"1"	"https://portal.stf.jus.br/indiceRtj/verPDF.asp?numPDF=022_1"
"1963"	"023"	"1"	"https://portal.stf.jus.br/indiceRtj/verPDF.asp?numPDF=023_1"
"1963"	"024"	"1"	"https://portal.stf.jus.br/indiceRtj/verPDF.asp?numPDF=024_1"
"1963"	"025"	"1"	"https://portal.stf.jus.br/indiceRtj/verPDF.asp?numPDF=025_1"
"1963"	"026"	"1"	"https://portal.stf.jus.br/indiceRtj/verPDF.asp?numPDF=026_1"
"1964"	"027"	"1"	"https://portal.stf.jus.br/indiceRtj/verPDF.asp?numPDF=027_1"
"1964"	"028"	"1"	"https://portal.stf.jus.br/indiceRtj/verPDF.asp?numPDF=028_1"
"1964"	"029"	"1"	"https://portal.stf.jus.br/indiceRtj/verPDF.asp?numPDF=029_1"
"1964"	"030"	"1"	"https://portal.stf.jus.br/indiceRtj/verPDF.asp?numPDF=030_1"
"1965"	"031"	"1"	"https://portal.stf.jus.br/indiceRtj/verPDF.asp?numPDF=031_1"
"1965"	"032"	"1"	"https://portal.stf.jus.br/indiceRtj/verPDF.asp?numPDF=032_1"
"1965"	"032"	"2"	"https://portal.stf.jus.br/indiceRtj/verPDF.asp?numPDF=032_2"
"1965"	"032"	"3"	"https://portal.stf.jus.br/indiceRtj/verPDF.asp?numPDF=032_3"
"1965"	"033"	"1"	"https://portal.stf.jus.br/indiceRtj/verPDF.asp?numPDF=033_1"
"1965"	"033"	"2"	"https://portal.stf.jus.br/indiceRtj/verPDF.asp?numPDF=033_2"
"1965"	"033"	"3"	"https://portal.stf.jus.br/indiceRtj/verPDF.asp?numPDF=033_3"
"1965"	"034"	"1"	"https://portal.stf.jus.br/indiceRtj/verPDF.asp?numPDF=034_1"
"1965"	"034"	"2"	"https://portal.stf.jus.br/indiceRtj/verPDF.asp?numPDF=034_2"
"1965"	"034"	"3"	"https://portal.stf.jus.br/indiceRtj/verPDF.asp?numPDF=034_3"
"1966"	"035"	"1"	"https://portal.stf.jus.br/indiceRtj/verPDF.asp?numPDF=035_1"
"1966"	"035"	"2"	"https://portal.stf.jus.br/indiceRtj/verPDF.asp?numPDF=035_2"
"1966"	"035"	"3"	"https://portal.stf.jus.br/indiceRtj/verPDF.asp?numPDF=035_3"
"1966"	"036"	"1"	"https://portal.stf.jus.br/indiceRtj/verPDF.asp?numPDF=036_1"
"1966"	"036"	"2"	"https://portal.stf.jus.br/indiceRtj/verPDF.asp?numPDF=036_2"
"1966"	"036"	"3"	"https://portal.stf.jus.br/indiceRtj/verPDF.asp?numPDF=036_3"
"1966"	"037"	"1"	"https://portal.stf.jus.br/indiceRtj/verPDF.asp?numPDF=037_1"
"1966"	"037"	"2"	"https://portal.stf.jus.br/indiceRtj/verPDF.asp?numPDF=037_2"
"1966"	"037"	"3"	"https://portal.stf.jus.br/indiceRtj/verPDF.asp?numPDF=037_3"
"1966"	"038"	"1"	"https://portal.stf.jus.br/indiceRtj/verPDF.asp?numPDF=038_1"
"1966"	"038"	"2"	"https://portal.stf.jus.br/indiceRtj/verPDF.asp?numPDF=038_2"
"1966"	"038"	"3"	"https://portal.stf.jus.br/indiceRtj/verPDF.asp?numPDF=038_3"
"1967"	"039"	"1"	"https://portal.stf.jus.br/indiceRtj/verPDF.asp?numPDF=039_1"
"1967"	"039"	"2"	"https://portal.stf.jus.br/indiceRtj/verPDF.asp?numPDF=039_2"
"1967"	"039"	"3"	"https://portal.stf.jus.br/indiceRtj/verPDF.asp?numPDF=039_3"
"1967"	"040"	"1"	"https://portal.stf.jus.br/indiceRtj/verPDF.asp?numPDF=040_1"
"1967"	"040"	"2"	"https://portal.stf.jus.br/indiceRtj/verPDF.asp?numPDF=040_2"
"1967"	"040"	"3"	"https://portal.stf.jus.br/indiceRtj/verPDF.asp?numPDF=040_3"
"1967"	"041"	"1"	"https://portal.stf.jus.br/indiceRtj/verPDF.asp?numPDF=041_1"
"1967"	"041"	"2"	"https://portal.stf.jus.br/indiceRtj/verPDF.asp?numPDF=041_2"
"1967"	"041"	"3"	"https://portal.stf.jus.br/indiceRtj/verPDF.asp?numPDF=041_3"
"1967"	"042"	"1"	"https://portal.stf.jus.br/indiceRtj/verPDF.asp?numPDF=042_1"
"1967"	"042"	"2"	"https://portal.stf.jus.br/indiceRtj/verPDF.asp?numPDF=042_2"
"1967"	"042"	"3"	"https://portal.stf.jus.br/indiceRtj/verPDF.asp?numPDF=042_3"
"1968"	"043"	"1"	"https://portal.stf.jus.br/indiceRtj/verPDF.asp?numPDF=043_1"
"1968"	"043"	"2"	"https://portal.stf.jus.br/indiceRtj/verPDF.asp?numPDF=043_2"
"1968"	"043"	"3"	"https://portal.stf.jus.br/indiceRtj/verPDF.asp?numPDF=043_3"
"1968"	"044"	"1"	"https://portal.stf.jus.br/indiceRtj/verPDF.asp?numPDF=044_1"
"1968"	"044"	"2"	"https://portal.stf.jus.br/indiceRtj/verPDF.asp?numPDF=044_2"
"1968"	"044"	"3"	"https://portal.stf.jus.br/indiceRtj/verPDF.asp?numPDF=044_3"
"1968"	"045"	"1"	"https://portal.stf.jus.br/indiceRtj/verPDF.asp?numPDF=045_1"
"1968"	"045"	"2"	"https://portal.stf.jus.br/indiceRtj/verPDF.asp?numPDF=045_2"
"1968"	"045"	"3"	"https://portal.stf.jus.br/indiceRtj/verPDF.asp?numPDF=045_3"
"1968"	"046"	"1"	"https://portal.stf.jus.br/indiceRtj/verPDF.asp?numPDF=046_1"
"1968"	"046"	"2"	"https://portal.stf.jus.br/indiceRtj/verPDF.asp?numPDF=046_2"
"1968"	"046"	"3"	"https://portal.stf.jus.br/indiceRtj/verPDF.asp?numPDF=046_3"
"1969"	"047"	"1"	"https://portal.stf.jus.br/indiceRtj/verPDF.asp?numPDF=047_1"
"1969"	"047"	"2"	"https://portal.stf.jus.br/indiceRtj/verPDF.asp?numPDF=047_2"
"1969"	"047"	"3"	"https://portal.stf.jus.br/indiceRtj/verPDF.asp?numPDF=047_3"
"1969"	"048"	"1"	"https://portal.stf.jus.br/indiceRtj/verPDF.asp?numPDF=048_1"
"1969"	"048"	"2"	"https://portal.stf.jus.br/indiceRtj/verPDF.asp?numPDF=048_2"
"1969"	"048"	"3"	"https://portal.stf.jus.br/indiceRtj/verPDF.asp?numPDF=048_3"
"1969"	"049"	"1"	"https://portal.stf.jus.br/indiceRtj/verPDF.asp?numPDF=049_1"
"1969"	"049"	"2"	"https://portal.stf.jus.br/indiceRtj/verPDF.asp?numPDF=049_2"
"1969"	"049"	"3"	"https://portal.stf.jus.br/indiceRtj/verPDF.asp?numPDF=049_3"
"1969"	"050"	"1"	"https://portal.stf.jus.br/indiceRtj/verPDF.asp?numPDF=050_1"
"1969"	"050"	"2"	"https://portal.stf.jus.br/indiceRtj/verPDF.asp?numPDF=050_2"
"1969"	"050"	"3"	"https://portal.stf.jus.br/indiceRtj/verPDF.asp?numPDF=050_3"
"1970"	"051"	"1"	"https://portal.stf.jus.br/indiceRtj/verPDF.asp?numPDF=051_1"
"1970"	"051"	"2"	"https://portal.stf.jus.br/indiceRtj/verPDF.asp?numPDF=051_2"
"1970"	"051"	"3"	"https://portal.stf.jus.br/indiceRtj/verPDF.asp?numPDF=051_3"
"1970"	"052"	"1"	"https://portal.stf.jus.br/indiceRtj/verPDF.asp?numPDF=052_1"
"1970"	"052"	"2"	"https://portal.stf.jus.br/indiceRtj/verPDF.asp?numPDF=052_2"
"1970"	"052"	"3"	"https://portal.stf.jus.br/indiceRtj/verPDF.asp?numPDF=052_3"
"1970"	"053"	"1"	"https://portal.stf.jus.br/indiceRtj/verPDF.asp?numPDF=053_1"
"1970"	"053"	"2"	"https://portal.stf.jus.br/indiceRtj/verPDF.asp?numPDF=053_2"
"1970"	"053"	"3"	"https://portal.stf.jus.br/indiceRtj/verPDF.asp?numPDF=053_3"
"1970"	"054"	"1"	"https://portal.stf.jus.br/indiceRtj/verPDF.asp?numPDF=054_1"
"1970"	"054"	"2"	"https://portal.stf.jus.br/indiceRtj/verPDF.asp?numPDF=054_2"
"1970"	"054"	"3"	"https://portal.stf.jus.br/indiceRtj/verPDF.asp?numPDF=054_3"
"1971"	"055"	"1"	"https://portal.stf.jus.br/indiceRtj/verPDF.asp?numPDF=055_1"
"1971"	"055"	"2"	"https://portal.stf.jus.br/indiceRtj/verPDF.asp?numPDF=055_2"
"1971"	"055"	"3"	"https://portal.stf.jus.br/indiceRtj/verPDF.asp?numPDF=055_3"
"1971"	"056"	"1"	"https://portal.stf.jus.br/indiceRtj/verPDF.asp?numPDF=056_1"
"1971"	"056"	"2"	"https://portal.stf.jus.br/indiceRtj/verPDF.asp?numPDF=056_2"
"1971"	"056"	"3"	"https://portal.stf.jus.br/indiceRtj/verPDF.asp?numPDF=056_3"
"1971"	"057"	"1"	"https://portal.stf.jus.br/indiceRtj/verPDF.asp?numPDF=057_1"
"1971"	"057"	"2"	"https://portal.stf.jus.br/indiceRtj/verPDF.asp?numPDF=057_2"
"1971"	"057"	"3"	"https://portal.stf.jus.br/indiceRtj/verPDF.asp?numPDF=057_3"
"1971"	"058"	"1"	"https://portal.stf.jus.br/indiceRtj/verPDF.asp?numPDF=058_1"
"1971"	"058"	"2"	"https://portal.stf.jus.br/indiceRtj/verPDF.asp?numPDF=058_2"
"1971"	"058"	"3"	"https://portal.stf.jus.br/indiceRtj/verPDF.asp?numPDF=058_3"
"1972"	"059"	"1"	"https://portal.stf.jus.br/indiceRtj/verPDF.asp?numPDF=059_1"
"1972"	"059"	"2"	"https://portal.stf.jus.br/indiceRtj/verPDF.asp?numPDF=059_2"
"1972"	"059"	"3"	"https://portal.stf.jus.br/indiceRtj/verPDF.asp?numPDF=059_3"
"1972"	"060"	"1"	"https://portal.stf.jus.br/indiceRtj/verPDF.asp?numPDF=060_1"
"1972"	"060"	"2"	"https://portal.stf.jus.br/indiceRtj/verPDF.asp?numPDF=060_2"
"1972"	"060"	"3"	"https://portal.stf.jus.br/indiceRtj/verPDF.asp?numPDF=060_3"
"1972"	"061"	"1"	"https://portal.stf.jus.br/indiceRtj/verPDF.asp?numPDF=061_1"
"1972"	"061"	"2"	"https://portal.stf.jus.br/indiceRtj/verPDF.asp?numPDF=061_2"
"1972"	"061"	"3"	"https://portal.stf.jus.br/indiceRtj/verPDF.asp?numPDF=061_3"
"1972"	"062"	"1"	"https://portal.stf.jus.br/indiceRtj/verPDF.asp?numPDF=062_1"
"1972"	"062"	"2"	"https://portal.stf.jus.br/indiceRtj/verPDF.asp?numPDF=062_2"
"1972"	"062"	"3"	"https://portal.stf.jus.br/indiceRtj/verPDF.asp?numPDF=062_3"
"1973"	"063"	"1"	"https://portal.stf.jus.br/indiceRtj/verPDF.asp?numPDF=063_1"
"1973"	"063"	"2"	"https://portal.stf.jus.br/indiceRtj/verPDF.asp?numPDF=063_2"
"1973"	"063"	"3"	"https://portal.stf.jus.br/indiceRtj/verPDF.asp?numPDF=063_3"
"1973"	"064"	"1"	"https://portal.stf.jus.br/indiceRtj/verPDF.asp?numPDF=064_1"
"1973"	"064"	"2"	"https://portal.stf.jus.br/indiceRtj/verPDF.asp?numPDF=064_2"
"1973"	"064"	"3"	"https://portal.stf.jus.br/indiceRtj/verPDF.asp?numPDF=064_3"
"1973"	"065"	"1"	"https://portal.stf.jus.br/indiceRtj/verPDF.asp?numPDF=065_1"
"1973"	"065"	"2"	"https://portal.stf.jus.br/indiceRtj/verPDF.asp?numPDF=065_2"
"1973"	"065"	"3"	"https://portal.stf.jus.br/indiceRtj/verPDF.asp?numPDF=065_3"
"1973"	"066"	"1"	"https://portal.stf.jus.br/indiceRtj/verPDF.asp?numPDF=066_1"
"1973"	"066"	"2"	"https://portal.stf.jus.br/indiceRtj/verPDF.asp?numPDF=066_2"
"1973"	"066"	"3"	"https://portal.stf.jus.br/indiceRtj/verPDF.asp?numPDF=066_3"
"1974"	"067"	"1"	"https://portal.stf.jus.br/indiceRtj/verPDF.asp?numPDF=067_1"
"1974"	"067"	"2"	"https://portal.stf.jus.br/indiceRtj/verPDF.asp?numPDF=067_2"
"1974"	"067"	"3"	"https://portal.stf.jus.br/indiceRtj/verPDF.asp?numPDF=067_3"
"1974"	"068"	"1"	"https://portal.stf.jus.br/indiceRtj/verPDF.asp?numPDF=068_1"
"1974"	"068"	"2"	"https://portal.stf.jus.br/indiceRtj/verPDF.asp?numPDF=068_2"
"1974"	"068"	"3"	"https://portal.stf.jus.br/indiceRtj/verPDF.asp?numPDF=068_3"
"1974"	"069"	"1"	"https://portal.stf.jus.br/indiceRtj/verPDF.asp?numPDF=069_1"
"1974"	"069"	"2"	"https://portal.stf.jus.br/indiceRtj/verPDF.asp?numPDF=069_2"
"1974"	"069"	"3"	"https://portal.stf.jus.br/indiceRtj/verPDF.asp?numPDF=069_3"
"1974"	"070"	"1"	"https://portal.stf.jus.br/indiceRtj/verPDF.asp?numPDF=070_1"
"1974"	"070"	"2"	"https://portal.stf.jus.br/indiceRtj/verPDF.asp?numPDF=070_2"
"1974"	"070"	"3"	"https://portal.stf.jus.br/indiceRtj/verPDF.asp?numPDF=070_3"
"1975"	"071"	"1"	"https://portal.stf.jus.br/indiceRtj/verPDF.asp?numPDF=071_1"
"1975"	"071"	"2"	"https://portal.stf.jus.br/indiceRtj/verPDF.asp?numPDF=071_2"
"1975"	"071"	"3"	"https://portal.stf.jus.br/indiceRtj/verPDF.asp?numPDF=071_3"
"1975"	"072"	"1"	"https://portal.stf.jus.br/indiceRtj/verPDF.asp?numPDF=072_1"
"1975"	"072"	"2"	"https://portal.stf.jus.br/indiceRtj/verPDF.asp?numPDF=072_2"
"1975"	"072"	"3"	"https://portal.stf.jus.br/indiceRtj/verPDF.asp?numPDF=072_3"
"1975"	"073"	"1"	"https://portal.stf.jus.br/indiceRtj/verPDF.asp?numPDF=073_1"
"1975"	"073"	"2"	"https://portal.stf.jus.br/indiceRtj/verPDF.asp?numPDF=073_2"
"1975"	"073"	"3"	"https://portal.stf.jus.br/indiceRtj/verPDF.asp?numPDF=073_3"
"1975"	"074"	"1"	"https://portal.stf.jus.br/indiceRtj/verPDF.asp?numPDF=074_1"
"1975"	"074"	"2"	"https://portal.stf.jus.br/indiceRtj/verPDF.asp?numPDF=074_2"
"1975"	"074"	"3"	"https://portal.stf.jus.br/indiceRtj/verPDF.asp?numPDF=074_3"
"1976"	"075"	"1"	"https://portal.stf.jus.br/indiceRtj/verPDF.asp?numPDF=075_1"
"1976"	"075"	"2"	"https://portal.stf.jus.br/indiceRtj/verPDF.asp?numPDF=075_2"
"1976"	"075"	"3"	"https://portal.stf.jus.br/indiceRtj/verPDF.asp?numPDF=075_3"
"1976"	"076"	"1"	"https://portal.stf.jus.br/indiceRtj/verPDF.asp?numPDF=076_1"
"1976"	"076"	"2"	"https://portal.stf.jus.br/indiceRtj/verPDF.asp?numPDF=076_2"
"1976"	"076"	"3"	"https://portal.stf.jus.br/indiceRtj/verPDF.asp?numPDF=076_3"
"1976"	"077"	"1"	"https://portal.stf.jus.br/indiceRtj/verPDF.asp?numPDF=077_1"
"1976"	"077"	"2"	"https://portal.stf.jus.br/indiceRtj/verPDF.asp?numPDF=077_2"
"1976"	"077"	"3"	"https://portal.stf.jus.br/indiceRtj/verPDF.asp?numPDF=077_3"
"1976"	"078"	"1"	"https://portal.stf.jus.br/indiceRtj/verPDF.asp?numPDF=078_1"
"1976"	"078"	"2"	"https://portal.stf.jus.br/indiceRtj/verPDF.asp?numPDF=078_2"
"1976"	"078"	"3"	"https://portal.stf.jus.br/indiceRtj/verPDF.asp?numPDF=078_3"
"1977"	"079"	"1"	"https://portal.stf.jus.br/indiceRtj/verPDF.asp?numPDF=079_1"
"1977"	"079"	"2"	"https://portal.stf.jus.br/indiceRtj/verPDF.asp?numPDF=079_2"
"1977"	"079"	"3"	"https://portal.stf.jus.br/indiceRtj/verPDF.asp?numPDF=079_3"
"1977"	"080"	"1"	"https://portal.stf.jus.br/indiceRtj/verPDF.asp?numPDF=080_1"
"1977"	"080"	"2"	"https://portal.stf.jus.br/indiceRtj/verPDF.asp?numPDF=080_2"
"1977"	"080"	"3"	"https://portal.stf.jus.br/indiceRtj/verPDF.asp?numPDF=080_3"
"1977"	"081"	"1"	"https://portal.stf.jus.br/indiceRtj/verPDF.asp?numPDF=081_1"
"1977"	"081"	"2"	"https://portal.stf.jus.br/indiceRtj/verPDF.asp?numPDF=081_2"
"1977"	"081"	"3"	"https://portal.stf.jus.br/indiceRtj/verPDF.asp?numPDF=081_3"
"1977"	"082"	"1"	"https://portal.stf.jus.br/indiceRtj/verPDF.asp?numPDF=082_1"
"1977"	"082"	"2"	"https://portal.stf.jus.br/indiceRtj/verPDF.asp?numPDF=082_2"
"1977"	"082"	"3"	"https://portal.stf.jus.br/indiceRtj/verPDF.asp?numPDF=082_3"
"1978"	"083"	"1"	"https://portal.stf.jus.br/indiceRtj/verPDF.asp?numPDF=083_1"
"1978"	"083"	"2"	"https://portal.stf.jus.br/indiceRtj/verPDF.asp?numPDF=083_2"
"1978"	"083"	"3"	"https://portal.stf.jus.br/indiceRtj/verPDF.asp?numPDF=083_3"
"1978"	"084"	"1"	"https://portal.stf.jus.br/indiceRtj/verPDF.asp?numPDF=084_1"
"1978"	"084"	"2"	"https://portal.stf.jus.br/indiceRtj/verPDF.asp?numPDF=084_2"
"1978"	"084"	"3"	"https://portal.stf.jus.br/indiceRtj/verPDF.asp?numPDF=084_3"
"1978"	"085"	"1"	"https://portal.stf.jus.br/indiceRtj/verPDF.asp?numPDF=085_1"
"1978"	"085"	"2"	"https://portal.stf.jus.br/indiceRtj/verPDF.asp?numPDF=085_2"
"1978"	"085"	"3"	"https://portal.stf.jus.br/indiceRtj/verPDF.asp?numPDF=085_3"
"1978"	"086"	"1"	"https://portal.stf.jus.br/indiceRtj/verPDF.asp?numPDF=086_1"
"1978"	"086"	"2"	"https://portal.stf.jus.br/indiceRtj/verPDF.asp?numPDF=086_2"
"1978"	"086"	"3"	"https://portal.stf.jus.br/indiceRtj/verPDF.asp?numPDF=086_3"
"1979"	"087"	"1"	"https://portal.stf.jus.br/indiceRtj/verPDF.asp?numPDF=087_1"
"1979"	"087"	"2"	"https://portal.stf.jus.br/indiceRtj/verPDF.asp?numPDF=087_2"
"1979"	"087"	"3"	"https://portal.stf.jus.br/indiceRtj/verPDF.asp?numPDF=087_3"
"1979"	"088"	"1"	"https://portal.stf.jus.br/indiceRtj/verPDF.asp?numPDF=088_1"
"1979"	"088"	"2"	"https://portal.stf.jus.br/indiceRtj/verPDF.asp?numPDF=088_2"
"1979"	"088"	"3"	"https://portal.stf.jus.br/indiceRtj/verPDF.asp?numPDF=088_3"
"1979"	"089"	"1"	"https://portal.stf.jus.br/indiceRtj/verPDF.asp?numPDF=089_1"
"1979"	"089"	"2"	"https://portal.stf.jus.br/indiceRtj/verPDF.asp?numPDF=089_2"
"1979"	"089"	"3"	"https://portal.stf.jus.br/indiceRtj/verPDF.asp?numPDF=089_3"
"1979"	"090"	"1"	"https://portal.stf.jus.br/indiceRtj/verPDF.asp?numPDF=090_1"
"1979"	"090"	"2"	"https://portal.stf.jus.br/indiceRtj/verPDF.asp?numPDF=090_2"
"1979"	"090"	"3"	"https://portal.stf.jus.br/indiceRtj/verPDF.asp?numPDF=090_3"
"1980"	"091"	"1"	"https://portal.stf.jus.br/indiceRtj/verPDF.asp?numPDF=091_1"
"1980"	"091"	"2"	"https://portal.stf.jus.br/indiceRtj/verPDF.asp?numPDF=091_2"
"1980"	"091"	"3"	"https://portal.stf.jus.br/indiceRtj/verPDF.asp?numPDF=091_3"
"1980"	"092"	"1"	"https://portal.stf.jus.br/indiceRtj/verPDF.asp?numPDF=092_1"
"1980"	"092"	"2"	"https://portal.stf.jus.br/indiceRtj/verPDF.asp?numPDF=092_2"
"1980"	"092"	"3"	"https://portal.stf.jus.br/indiceRtj/verPDF.asp?numPDF=092_3"
"1980"	"093"	"1"	"https://portal.stf.jus.br/indiceRtj/verPDF.asp?numPDF=093_1"
"1980"	"093"	"2"	"https://portal.stf.jus.br/indiceRtj/verPDF.asp?numPDF=093_2"
"1980"	"093"	"3"	"https://portal.stf.jus.br/indiceRtj/verPDF.asp?numPDF=093_3"
"1980"	"094"	"1"	"https://portal.stf.jus.br/indiceRtj/verPDF.asp?numPDF=094_1"
"1980"	"094"	"2"	"https://portal.stf.jus.br/indiceRtj/verPDF.asp?numPDF=094_2"
"1980"	"094"	"3"	"https://portal.stf.jus.br/indiceRtj/verPDF.asp?numPDF=094_3"
"1981"	"095"	"1"	"https://portal.stf.jus.br/indiceRtj/verPDF.asp?numPDF=095_1"
"1981"	"095"	"2"	"https://portal.stf.jus.br/indiceRtj/verPDF.asp?numPDF=095_2"
"1981"	"095"	"3"	"https://portal.stf.jus.br/indiceRtj/verPDF.asp?numPDF=095_3"
"1981"	"096"	"1"	"https://portal.stf.jus.br/indiceRtj/verPDF.asp?numPDF=096_1"
"1981"	"096"	"2"	"https://portal.stf.jus.br/indiceRtj/verPDF.asp?numPDF=096_2"
"1981"	"096"	"3"	"https://portal.stf.jus.br/indiceRtj/verPDF.asp?numPDF=096_3"
"1981"	"097"	"1"	"https://portal.stf.jus.br/indiceRtj/verPDF.asp?numPDF=097_1"
"1981"	"097"	"2"	"https://portal.stf.jus.br/indiceRtj/verPDF.asp?numPDF=097_2"
"1981"	"097"	"3"	"https://portal.stf.jus.br/indiceRtj/verPDF.asp?numPDF=097_3"
"1981"	"098"	"1"	"https://portal.stf.jus.br/indiceRtj/verPDF.asp?numPDF=098_1"
"1981"	"098"	"2"	"https://portal.stf.jus.br/indiceRtj/verPDF.asp?numPDF=098_2"
"1981"	"098"	"3"	"https://portal.stf.jus.br/indiceRtj/verPDF.asp?numPDF=098_3"
"1982"	"099"	"1"	"https://portal.stf.jus.br/indiceRtj/verPDF.asp?numPDF=099_1"
"1982"	"099"	"2"	"https://portal.stf.jus.br/indiceRtj/verPDF.asp?numPDF=099_2"
"1982"	"099"	"3"	"https://portal.stf.jus.br/indiceRtj/verPDF.asp?numPDF=099_3"
"1982"	"100"	"1"	"https://portal.stf.jus.br/indiceRtj/verPDF.asp?numPDF=100_1"
"1982"	"100"	"2"	"https://portal.stf.jus.br/indiceRtj/verPDF.asp?numPDF=100_2"
"1982"	"100"	"3"	"https://portal.stf.jus.br/indiceRtj/verPDF.asp?numPDF=100_3"
"1982"	"101"	"1"	"https://portal.stf.jus.br/indiceRtj/verPDF.asp?numPDF=101_1"
"1982"	"101"	"2"	"https://portal.stf.jus.br/indiceRtj/verPDF.asp?numPDF=101_2"
"1982"	"101"	"3"	"https://portal.stf.jus.br/indiceRtj/verPDF.asp?numPDF=101_3"
"1982"	"102"	"1"	"https://portal.stf.jus.br/indiceRtj/verPDF.asp?numPDF=102_1"
"1982"	"102"	"2"	"https://portal.stf.jus.br/indiceRtj/verPDF.asp?numPDF=102_2"
"1982"	"102"	"3"	"https://portal.stf.jus.br/indiceRtj/verPDF.asp?numPDF=102_3"
"1983"	"103"	"1"	"https://portal.stf.jus.br/indiceRtj/verPDF.asp?numPDF=103_1"
"1983"	"103"	"2"	"https://portal.stf.jus.br/indiceRtj/verPDF.asp?numPDF=103_2"
"1983"	"103"	"3"	"https://portal.stf.jus.br/indiceRtj/verPDF.asp?numPDF=103_3"
"1983"	"104"	"1"	"https://portal.stf.jus.br/indiceRtj/verPDF.asp?numPDF=104_1"
"1983"	"104"	"2"	"https://portal.stf.jus.br/indiceRtj/verPDF.asp?numPDF=104_2"
"1983"	"104"	"3"	"https://portal.stf.jus.br/indiceRtj/verPDF.asp?numPDF=104_3"
"1983"	"105"	"1"	"https://portal.stf.jus.br/indiceRtj/verPDF.asp?numPDF=105_1"
"1983"	"105"	"2"	"https://portal.stf.jus.br/indiceRtj/verPDF.asp?numPDF=105_2"
"1983"	"105"	"3"	"https://portal.stf.jus.br/indiceRtj/verPDF.asp?numPDF=105_3"
"1983"	"106"	"1"	"https://portal.stf.jus.br/indiceRtj/verPDF.asp?numPDF=106_1"
"1983"	"106"	"2"	"https://portal.stf.jus.br/indiceRtj/verPDF.asp?numPDF=106_2"
"1983"	"106"	"3"	"https://portal.stf.jus.br/indiceRtj/verPDF.asp?numPDF=106_3"
"1984"	"107"	"1"	"https://portal.stf.jus.br/indiceRtj/verPDF.asp?numPDF=107_1"
"1984"	"107"	"2"	"https://portal.stf.jus.br/indiceRtj/verPDF.asp?numPDF=107_2"
"1984"	"107"	"3"	"https://portal.stf.jus.br/indiceRtj/verPDF.asp?numPDF=107_3"
"1984"	"108"	"1"	"https://portal.stf.jus.br/indiceRtj/verPDF.asp?numPDF=108_1"
"1984"	"108"	"2"	"https://portal.stf.jus.br/indiceRtj/verPDF.asp?numPDF=108_2"
"1984"	"108"	"3"	"https://portal.stf.jus.br/indiceRtj/verPDF.asp?numPDF=108_3"
"1984"	"109"	"1"	"https://portal.stf.jus.br/indiceRtj/verPDF.asp?numPDF=109_1"
"1984"	"109"	"2"	"https://portal.stf.jus.br/indiceRtj/verPDF.asp?numPDF=109_2"
"1984"	"109"	"3"	"https://portal.stf.jus.br/indiceRtj/verPDF.asp?numPDF=109_3"
"1984"	"110"	"1"	"https://portal.stf.jus.br/indiceRtj/verPDF.asp?numPDF=110_1"
"1984"	"110"	"2"	"https://portal.stf.jus.br/indiceRtj/verPDF.asp?numPDF=110_2"
"1984"	"110"	"3"	"https://portal.stf.jus.br/indiceRtj/verPDF.asp?numPDF=110_3"
"1985"	"111"	"1"	"https://portal.stf.jus.br/indiceRtj/verPDF.asp?numPDF=111_1"
"1985"	"111"	"2"	"https://portal.stf.jus.br/indiceRtj/verPDF.asp?numPDF=111_2"
"1985"	"111"	"3"	"https://portal.stf.jus.br/indiceRtj/verPDF.asp?numPDF=111_3"
"1985"	"112"	"1"	"https://portal.stf.jus.br/indiceRtj/verPDF.asp?numPDF=112_1"
"1985"	"112"	"2"	"https://portal.stf.jus.br/indiceRtj/verPDF.asp?numPDF=112_2"
"1985"	"112"	"3"	"https://portal.stf.jus.br/indiceRtj/verPDF.asp?numPDF=112_3"
"1985"	"113"	"1"	"https://portal.stf.jus.br/indiceRtj/verPDF.asp?numPDF=113_1"
"1985"	"113"	"2"	"https://portal.stf.jus.br/indiceRtj/verPDF.asp?numPDF=113_2"
"1985"	"113"	"3"	"https://portal.stf.jus.br/indiceRtj/verPDF.asp?numPDF=113_3"
"1985"	"114"	"1"	"https://portal.stf.jus.br/indiceRtj/verPDF.asp?numPDF=114_1"
"1985"	"114"	"2"	"https://portal.stf.jus.br/indiceRtj/verPDF.asp?numPDF=114_2"
"1985"	"114"	"3"	"https://portal.stf.jus.br/indiceRtj/verPDF.asp?numPDF=114_3"
"1986"	"115"	"1"	"https://portal.stf.jus.br/indiceRtj/verPDF.asp?numPDF=115_1"
"1986"	"115"	"2"	"https://portal.stf.jus.br/indiceRtj/verPDF.asp?numPDF=115_2"
"1986"	"115"	"3"	"https://portal.stf.jus.br/indiceRtj/verPDF.asp?numPDF=115_3"
"1986"	"116"	"1"	"https://portal.stf.jus.br/indiceRtj/verPDF.asp?numPDF=116_1"
"1986"	"116"	"2"	"https://portal.stf.jus.br/indiceRtj/verPDF.asp?numPDF=116_2"
"1986"	"116"	"3"	"https://portal.stf.jus.br/indiceRtj/verPDF.asp?numPDF=116_3"
"1986"	"117"	"1"	"https://portal.stf.jus.br/indiceRtj/verPDF.asp?numPDF=117_1"
"1986"	"117"	"2"	"https://portal.stf.jus.br/indiceRtj/verPDF.asp?numPDF=117_2"
"1986"	"117"	"3"	"https://portal.stf.jus.br/indiceRtj/verPDF.asp?numPDF=117_3"
"1986"	"118"	"1"	"https://portal.stf.jus.br/indiceRtj/verPDF.asp?numPDF=118_1"
"1986"	"118"	"2"	"https://portal.stf.jus.br/indiceRtj/verPDF.asp?numPDF=118_2"
"1986"	"118"	"3"	"https://portal.stf.jus.br/indiceRtj/verPDF.asp?numPDF=118_3"
"1987"	"119"	"1"	"https://portal.stf.jus.br/indiceRtj/verPDF.asp?numPDF=119_1"
"1987"	"119"	"2"	"https://portal.stf.jus.br/indiceRtj/verPDF.asp?numPDF=119_2"
"1987"	"119"	"3"	"https://portal.stf.jus.br/indiceRtj/verPDF.asp?numPDF=119_3"
"1987"	"120"	"1"	"https://portal.stf.jus.br/indiceRtj/verPDF.asp?numPDF=120_1"
"1987"	"120"	"2"	"https://portal.stf.jus.br/indiceRtj/verPDF.asp?numPDF=120_2"
"1987"	"120"	"3"	"https://portal.stf.jus.br/indiceRtj/verPDF.asp?numPDF=120_3"
"1987"	"121"	"1"	"https://portal.stf.jus.br/indiceRtj/verPDF.asp?numPDF=121_1"
"1987"	"121"	"2"	"https://portal.stf.jus.br/indiceRtj/verPDF.asp?numPDF=121_2"
"1987"	"121"	"3"	"https://portal.stf.jus.br/indiceRtj/verPDF.asp?numPDF=121_3"
"1987"	"122"	"1"	"https://portal.stf.jus.br/indiceRtj/verPDF.asp?numPDF=122_1"
"1987"	"122"	"2"	"https://portal.stf.jus.br/indiceRtj/verPDF.asp?numPDF=122_2"
"1987"	"122"	"3"	"https://portal.stf.jus.br/indiceRtj/verPDF.asp?numPDF=122_3"
"1988"	"123"	"1"	"https://portal.stf.jus.br/indiceRtj/verPDF.asp?numPDF=123_1"
"1988"	"123"	"2"	"https://portal.stf.jus.br/indiceRtj/verPDF.asp?numPDF=123_2"
"1988"	"123"	"3"	"https://portal.stf.jus.br/indiceRtj/verPDF.asp?numPDF=123_3"
"1988"	"124"	"1"	"https://portal.stf.jus.br/indiceRtj/verPDF.asp?numPDF=124_1"
"1988"	"124"	"2"	"https://portal.stf.jus.br/indiceRtj/verPDF.asp?numPDF=124_2"
"1988"	"124"	"3"	"https://portal.stf.jus.br/indiceRtj/verPDF.asp?numPDF=124_3"
"1988"	"125"	"1"	"https://portal.stf.jus.br/indiceRtj/verPDF.asp?numPDF=125_1"
"1988"	"125"	"2"	"https://portal.stf.jus.br/indiceRtj/verPDF.asp?numPDF=125_2"
"1988"	"125"	"3"	"https://portal.stf.jus.br/indiceRtj/verPDF.asp?numPDF=125_3"
"1988"	"126"	"1"	"https://portal.stf.jus.br/indiceRtj/verPDF.asp?numPDF=126_1"
"1988"	"126"	"2"	"https://portal.stf.jus.br/indiceRtj/verPDF.asp?numPDF=126_2"
"1988"	"126"	"3"	"https://portal.stf.jus.br/indiceRtj/verPDF.asp?numPDF=126_3"
"1989"	"127"	"1"	"https://portal.stf.jus.br/indiceRtj/verPDF.asp?numPDF=127_1"
"1989"	"127"	"2"	"https://portal.stf.jus.br/indiceRtj/verPDF.asp?numPDF=127_2"
"1989"	"127"	"3"	"https://portal.stf.jus.br/indiceRtj/verPDF.asp?numPDF=127_3"
"1989"	"128"	"1"	"https://portal.stf.jus.br/indiceRtj/verPDF.asp?numPDF=128_1"
"1989"	"128"	"2"	"https://portal.stf.jus.br/indiceRtj/verPDF.asp?numPDF=128_2"
"1989"	"128"	"3"	"https://portal.stf.jus.br/indiceRtj/verPDF.asp?numPDF=128_3"
"1989"	"129"	"1"	"https://portal.stf.jus.br/indiceRtj/verPDF.asp?numPDF=129_1"
"1989"	"129"	"2"	"https://portal.stf.jus.br/indiceRtj/verPDF.asp?numPDF=129_2"
"1989"	"129"	"3"	"https://portal.stf.jus.br/indiceRtj/verPDF.asp?numPDF=129_3"
"1989"	"130"	"1"	"https://portal.stf.jus.br/indiceRtj/verPDF.asp?numPDF=130_1"
"1989"	"130"	"2"	"https://portal.stf.jus.br/indiceRtj/verPDF.asp?numPDF=130_2"
"1989"	"130"	"3"	"https://portal.stf.jus.br/indiceRtj/verPDF.asp?numPDF=130_3"
"1990"	"131"	"1"	"https://portal.stf.jus.br/indiceRtj/verPDF.asp?numPDF=131_1"
"1990"	"131"	"2"	"https://portal.stf.jus.br/indiceRtj/verPDF.asp?numPDF=131_2"
"1990"	"131"	"3"	"https://portal.stf.jus.br/indiceRtj/verPDF.asp?numPDF=131_3"
"1990"	"132"	"1"	"https://portal.stf.jus.br/indiceRtj/verPDF.asp?numPDF=132_1"
"1990"	"132"	"2"	"https://portal.stf.jus.br/indiceRtj/verPDF.asp?numPDF=132_2"
"1990"	"132"	"3"	"https://portal.stf.jus.br/indiceRtj/verPDF.asp?numPDF=132_3"
"1990"	"133"	"1"	"https://portal.stf.jus.br/indiceRtj/verPDF.asp?numPDF=133_1"
"1990"	"133"	"2"	"https://portal.stf.jus.br/indiceRtj/verPDF.asp?numPDF=133_2"
"1990"	"133"	"3"	"https://portal.stf.jus.br/indiceRtj/verPDF.asp?numPDF=133_3"
"1990"	"134"	"1"	"https://portal.stf.jus.br/indiceRtj/verPDF.asp?numPDF=134_1"
"1990"	"134"	"2"	"https://portal.stf.jus.br/indiceRtj/verPDF.asp?numPDF=134_2"
"1990"	"134"	"3"	"https://portal.stf.jus.br/indiceRtj/verPDF.asp?numPDF=134_3"
"1991"	"135"	"1"	"https://portal.stf.jus.br/indiceRtj/verPDF.asp?numPDF=135_1"
"1991"	"135"	"2"	"https://portal.stf.jus.br/indiceRtj/verPDF.asp?numPDF=135_2"
"1991"	"135"	"3"	"https://portal.stf.jus.br/indiceRtj/verPDF.asp?numPDF=135_3"
"1991"	"136"	"1"	"https://portal.stf.jus.br/indiceRtj/verPDF.asp?numPDF=136_1"
"1991"	"136"	"2"	"https://portal.stf.jus.br/indiceRtj/verPDF.asp?numPDF=136_2"
"1991"	"136"	"3"	"https://portal.stf.jus.br/indiceRtj/verPDF.asp?numPDF=136_3"
"1991"	"137"	"1"	"https://portal.stf.jus.br/indiceRtj/verPDF.asp?numPDF=137_1"
"1991"	"137"	"2"	"https://portal.stf.jus.br/indiceRtj/verPDF.asp?numPDF=137_2"
"1991"	"137"	"3"	"https://portal.stf.jus.br/indiceRtj/verPDF.asp?numPDF=137_3"
"1991"	"138"	"1"	"https://portal.stf.jus.br/indiceRtj/verPDF.asp?numPDF=138_1"
"1991"	"138"	"2"	"https://portal.stf.jus.br/indiceRtj/verPDF.asp?numPDF=138_2"
"1991"	"138"	"3"	"https://portal.stf.jus.br/indiceRtj/verPDF.asp?numPDF=138_3"
"1992"	"139"	"1"	"https://portal.stf.jus.br/indiceRtj/verPDF.asp?numPDF=139_1"
"1992"	"139"	"2"	"https://portal.stf.jus.br/indiceRtj/verPDF.asp?numPDF=139_2"
"1992"	"139"	"3"	"https://portal.stf.jus.br/indiceRtj/verPDF.asp?numPDF=139_3"
"1992"	"140"	"1"	"https://portal.stf.jus.br/indiceRtj/verPDF.asp?numPDF=140_1"
"1992"	"140"	"2"	"https://portal.stf.jus.br/indiceRtj/verPDF.asp?numPDF=140_2"
"1992"	"140"	"3"	"https://portal.stf.jus.br/indiceRtj/verPDF.asp?numPDF=140_3"
"1992"	"141"	"1"	"https://portal.stf.jus.br/indiceRtj/verPDF.asp?numPDF=141_1"
"1992"	"141"	"2"	"https://portal.stf.jus.br/indiceRtj/verPDF.asp?numPDF=141_2"
"1992"	"141"	"3"	"https://portal.stf.jus.br/indiceRtj/verPDF.asp?numPDF=141_3"
"1992"	"142"	"1"	"https://portal.stf.jus.br/indiceRtj/verPDF.asp?numPDF=142_1"
"1992"	"142"	"2"	"https://portal.stf.jus.br/indiceRtj/verPDF.asp?numPDF=142_2"
"1992"	"142"	"3"	"https://portal.stf.jus.br/indiceRtj/verPDF.asp?numPDF=142_3"
"1993"	"143"	"1"	"https://portal.stf.jus.br/indiceRtj/verPDF.asp?numPDF=143_1"
"1993"	"143"	"2"	"https://portal.stf.jus.br/indiceRtj/verPDF.asp?numPDF=143_2"
"1993"	"143"	"3"	"https://portal.stf.jus.br/indiceRtj/verPDF.asp?numPDF=143_3"
"1993"	"144"	"1"	"https://portal.stf.jus.br/indiceRtj/verPDF.asp?numPDF=144_1"
"1993"	"144"	"2"	"https://portal.stf.jus.br/indiceRtj/verPDF.asp?numPDF=144_2"
"1993"	"144"	"3"	"https://portal.stf.jus.br/indiceRtj/verPDF.asp?numPDF=144_3"
"1993"	"145"	"1"	"https://portal.stf.jus.br/indiceRtj/verPDF.asp?numPDF=145_1"
"1993"	"145"	"2"	"https://portal.stf.jus.br/indiceRtj/verPDF.asp?numPDF=145_2"
"1993"	"145"	"3"	"https://portal.stf.jus.br/indiceRtj/verPDF.asp?numPDF=145_3"
"1993"	"146"	"1"	"https://portal.stf.jus.br/indiceRtj/verPDF.asp?numPDF=146_1"
"1993"	"146"	"2"	"https://portal.stf.jus.br/indiceRtj/verPDF.asp?numPDF=146_2"
"1993"	"146"	"3"	"https://portal.stf.jus.br/indiceRtj/verPDF.asp?numPDF=146_3"
"1994"	"147"	"1"	"https://portal.stf.jus.br/indiceRtj/verPDF.asp?numPDF=147_1"
"1994"	"147"	"2"	"https://portal.stf.jus.br/indiceRtj/verPDF.asp?numPDF=147_2"
"1994"	"147"	"3"	"https://portal.stf.jus.br/indiceRtj/verPDF.asp?numPDF=147_3"
"1994"	"148"	"1"	"https://portal.stf.jus.br/indiceRtj/verPDF.asp?numPDF=148_1"
"1994"	"148"	"2"	"https://portal.stf.jus.br/indiceRtj/verPDF.asp?numPDF=148_2"
"1994"	"148"	"3"	"https://portal.stf.jus.br/indiceRtj/verPDF.asp?numPDF=148_3"
"1994"	"149"	"1"	"https://portal.stf.jus.br/indiceRtj/verPDF.asp?numPDF=149_1"
"1994"	"149"	"2"	"https://portal.stf.jus.br/indiceRtj/verPDF.asp?numPDF=149_2"
"1994"	"149"	"3"	"https://portal.stf.jus.br/indiceRtj/verPDF.asp?numPDF=149_3"
"1994"	"150"	"1"	"https://portal.stf.jus.br/indiceRtj/verPDF.asp?numPDF=150_1"
"1994"	"150"	"2"	"https://portal.stf.jus.br/indiceRtj/verPDF.asp?numPDF=150_2"
"1994"	"150"	"3"	"https://portal.stf.jus.br/indiceRtj/verPDF.asp?numPDF=150_3"
"1995"	"151"	"1"	"https://portal.stf.jus.br/indiceRtj/verPDF.asp?numPDF=151_1"
"1995"	"151"	"2"	"https://portal.stf.jus.br/indiceRtj/verPDF.asp?numPDF=151_2"
"1995"	"151"	"3"	"https://portal.stf.jus.br/indiceRtj/verPDF.asp?numPDF=151_3"
"1995"	"152"	"1"	"https://portal.stf.jus.br/indiceRtj/verPDF.asp?numPDF=152_1"
"1995"	"152"	"2"	"https://portal.stf.jus.br/indiceRtj/verPDF.asp?numPDF=152_2"
"1995"	"152"	"3"	"https://portal.stf.jus.br/indiceRtj/verPDF.asp?numPDF=152_3"
"1995"	"153"	"1"	"https://portal.stf.jus.br/indiceRtj/verPDF.asp?numPDF=153_1"
"1995"	"153"	"2"	"https://portal.stf.jus.br/indiceRtj/verPDF.asp?numPDF=153_2"
"1995"	"153"	"3"	"https://portal.stf.jus.br/indiceRtj/verPDF.asp?numPDF=153_3"
"1995"	"154"	"1"	"https://portal.stf.jus.br/indiceRtj/verPDF.asp?numPDF=154_1"
"1995"	"154"	"2"	"https://portal.stf.jus.br/indiceRtj/verPDF.asp?numPDF=154_2"
"1995"	"154"	"3"	"https://portal.stf.jus.br/indiceRtj/verPDF.asp?numPDF=154_3"
"1996"	"155"	"1"	"https://portal.stf.jus.br/indiceRtj/verPDF.asp?numPDF=155_1"
"1996"	"155"	"2"	"https://portal.stf.jus.br/indiceRtj/verPDF.asp?numPDF=155_2"
"1996"	"155"	"3"	"https://portal.stf.jus.br/indiceRtj/verPDF.asp?numPDF=155_3"
"1996"	"156"	"1"	"https://portal.stf.jus.br/indiceRtj/verPDF.asp?numPDF=156_1"
"1996"	"156"	"2"	"https://portal.stf.jus.br/indiceRtj/verPDF.asp?numPDF=156_2"
"1996"	"156"	"3"	"https://portal.stf.jus.br/indiceRtj/verPDF.asp?numPDF=156_3"
"1996"	"157"	"1"	"https://portal.stf.jus.br/indiceRtj/verPDF.asp?numPDF=157_1"
"1996"	"157"	"2"	"https://portal.stf.jus.br/indiceRtj/verPDF.asp?numPDF=157_2"
"1996"	"157"	"3"	"https://portal.stf.jus.br/indiceRtj/verPDF.asp?numPDF=157_3"
"1996"	"158"	"1"	"https://portal.stf.jus.br/indiceRtj/verPDF.asp?numPDF=158_1"
"1996"	"158"	"2"	"https://portal.stf.jus.br/indiceRtj/verPDF.asp?numPDF=158_2"
"1996"	"158"	"3"	"https://portal.stf.jus.br/indiceRtj/verPDF.asp?numPDF=158_3"
"1997"	"159"	"1"	"https://portal.stf.jus.br/indiceRtj/verPDF.asp?numPDF=159_1"
"1997"	"159"	"2"	"https://portal.stf.jus.br/indiceRtj/verPDF.asp?numPDF=159_2"
"1997"	"159"	"3"	"https://portal.stf.jus.br/indiceRtj/verPDF.asp?numPDF=159_3"
"1997"	"160"	"1"	"https://portal.stf.jus.br/indiceRtj/verPDF.asp?numPDF=160_1"
"1997"	"160"	"2"	"https://portal.stf.jus.br/indiceRtj/verPDF.asp?numPDF=160_2"
"1997"	"160"	"3"	"https://portal.stf.jus.br/indiceRtj/verPDF.asp?numPDF=160_3"
"1997"	"161"	"1"	"https://portal.stf.jus.br/indiceRtj/verPDF.asp?numPDF=161_1"
"1997"	"161"	"2"	"https://portal.stf.jus.br/indiceRtj/verPDF.asp?numPDF=161_2"
"1997"	"161"	"3"	"https://portal.stf.jus.br/indiceRtj/verPDF.asp?numPDF=161_3"
"1997"	"162"	"1"	"https://portal.stf.jus.br/indiceRtj/verPDF.asp?numPDF=162_1"
"1997"	"162"	"2"	"https://portal.stf.jus.br/indiceRtj/verPDF.asp?numPDF=162_2"
"1997"	"162"	"3"	"https://portal.stf.jus.br/indiceRtj/verPDF.asp?numPDF=162_3"
"1998"	"163"	"1"	"https://portal.stf.jus.br/indiceRtj/verPDF.asp?numPDF=163_1"
"1998"	"163"	"2"	"https://portal.stf.jus.br/indiceRtj/verPDF.asp?numPDF=163_2"
"1998"	"163"	"3"	"https://portal.stf.jus.br/indiceRtj/verPDF.asp?numPDF=163_3"
"1998"	"164"	"1"	"https://portal.stf.jus.br/indiceRtj/verPDF.asp?numPDF=164_1"
"1998"	"164"	"2"	"https://portal.stf.jus.br/indiceRtj/verPDF.asp?numPDF=164_2"
"1998"	"164"	"3"	"https://portal.stf.jus.br/indiceRtj/verPDF.asp?numPDF=164_3"
"1998"	"165"	"1"	"https://portal.stf.jus.br/indiceRtj/verPDF.asp?numPDF=165_1"
"1998"	"165"	"2"	"https://portal.stf.jus.br/indiceRtj/verPDF.asp?numPDF=165_2"
"1998"	"165"	"3"	"https://portal.stf.jus.br/indiceRtj/verPDF.asp?numPDF=165_3"
"1998"	"166"	"1"	"https://portal.stf.jus.br/indiceRtj/verPDF.asp?numPDF=166_1"
"1998"	"166"	"2"	"https://portal.stf.jus.br/indiceRtj/verPDF.asp?numPDF=166_2"
"1998"	"166"	"3"	"https://portal.stf.jus.br/indiceRtj/verPDF.asp?numPDF=166_3"
"1999"	"167"	"1"	"https://portal.stf.jus.br/indiceRtj/verPDF.asp?numPDF=167_1"
"1999"	"167"	"2"	"https://portal.stf.jus.br/indiceRtj/verPDF.asp?numPDF=167_2"
"1999"	"167"	"3"	"https://portal.stf.jus.br/indiceRtj/verPDF.asp?numPDF=167_3"
"1999"	"168"	"1"	"https://portal.stf.jus.br/indiceRtj/verPDF.asp?numPDF=168_1"
"1999"	"168"	"2"	"https://portal.stf.jus.br/indiceRtj/verPDF.asp?numPDF=168_2"
"1999"	"168"	"3"	"https://portal.stf.jus.br/indiceRtj/verPDF.asp?numPDF=168_3"
"1999"	"169"	"1"	"https://portal.stf.jus.br/indiceRtj/verPDF.asp?numPDF=169_1"
"1999"	"169"	"2"	"https://portal.stf.jus.br/indiceRtj/verPDF.asp?numPDF=169_2"
"1999"	"169"	"3"	"https://portal.stf.jus.br/indiceRtj/verPDF.asp?numPDF=169_3"
"1999"	"170"	"1"	"https://portal.stf.jus.br/indiceRtj/verPDF.asp?numPDF=170_1"
"1999"	"170"	"2"	"https://portal.stf.jus.br/indiceRtj/verPDF.asp?numPDF=170_2"
"1999"	"170"	"3"	"https://portal.stf.jus.br/indiceRtj/verPDF.asp?numPDF=170_3"
"2000"	"171"	"1"	"https://portal.stf.jus.br/indiceRtj/verPDF.asp?numPDF=171_1"
"2000"	"171"	"2"	"https://portal.stf.jus.br/indiceRtj/verPDF.asp?numPDF=171_2"
"2000"	"171"	"3"	"https://portal.stf.jus.br/indiceRtj/verPDF.asp?numPDF=171_3"
"2000"	"172"	"1"	"https://portal.stf.jus.br/indiceRtj/verPDF.asp?numPDF=172_1"
"2000"	"172"	"2"	"https://portal.stf.jus.br/indiceRtj/verPDF.asp?numPDF=172_2"
"2000"	"172"	"3"	"https://portal.stf.jus.br/indiceRtj/verPDF.asp?numPDF=172_3"
"2000"	"173"	"1"	"https://portal.stf.jus.br/indiceRtj/verPDF.asp?numPDF=173_1"
"2000"	"173"	"2"	"https://portal.stf.jus.br/indiceRtj/verPDF.asp?numPDF=173_2"
"2000"	"173"	"3"	"https://portal.stf.jus.br/indiceRtj/verPDF.asp?numPDF=173_3"
"2000"	"174"	"1"	"https://portal.stf.jus.br/indiceRtj/verPDF.asp?numPDF=174_1"
"2000"	"174"	"2"	"https://portal.stf.jus.br/indiceRtj/verPDF.asp?numPDF=174_2"
"2000"	"174"	"3"	"https://portal.stf.jus.br/indiceRtj/verPDF.asp?numPDF=174_3"
"2001"	"175"	"1"	"https://portal.stf.jus.br/indiceRtj/verPDF.asp?numPDF=175_1"
"2001"	"175"	"2"	"https://portal.stf.jus.br/indiceRtj/verPDF.asp?numPDF=175_2"
"2001"	"175"	"3"	"https://portal.stf.jus.br/indiceRtj/verPDF.asp?numPDF=175_3"
"2001"	"176"	"1"	"https://portal.stf.jus.br/indiceRtj/verPDF.asp?numPDF=176_1"
"2001"	"176"	"2"	"https://portal.stf.jus.br/indiceRtj/verPDF.asp?numPDF=176_2"
"2001"	"176"	"3"	"https://portal.stf.jus.br/indiceRtj/verPDF.asp?numPDF=176_3"
"2001"	"177"	"1"	"https://portal.stf.jus.br/indiceRtj/verPDF.asp?numPDF=177_1"
"2001"	"177"	"2"	"https://portal.stf.jus.br/indiceRtj/verPDF.asp?numPDF=177_2"
"2001"	"177"	"3"	"https://portal.stf.jus.br/indiceRtj/verPDF.asp?numPDF=177_3"
"2001"	"178"	"1"	"https://portal.stf.jus.br/indiceRtj/verPDF.asp?numPDF=178_1"
"2001"	"178"	"2"	"https://portal.stf.jus.br/indiceRtj/verPDF.asp?numPDF=178_2"
"2001"	"178"	"3"	"https://portal.stf.jus.br/indiceRtj/verPDF.asp?numPDF=178_3"
"2002"	"179"	"1"	"https://portal.stf.jus.br/indiceRtj/verPDF.asp?numPDF=179_1"
"2002"	"179"	"2"	"https://portal.stf.jus.br/indiceRtj/verPDF.asp?numPDF=179_2"
"2002"	"179"	"3"	"https://portal.stf.jus.br/indiceRtj/verPDF.asp?numPDF=179_3"
"2002"	"180"	"1"	"https://portal.stf.jus.br/indiceRtj/verPDF.asp?numPDF=180_1"
"2002"	"180"	"2"	"https://portal.stf.jus.br/indiceRtj/verPDF.asp?numPDF=180_2"
"2002"	"180"	"3"	"https://portal.stf.jus.br/indiceRtj/verPDF.asp?numPDF=180_3"
"2002"	"181"	"1"	"https://portal.stf.jus.br/indiceRtj/verPDF.asp?numPDF=181_1"
"2002"	"181"	"2"	"https://portal.stf.jus.br/indiceRtj/verPDF.asp?numPDF=181_2"
"2002"	"181"	"3"	"https://portal.stf.jus.br/indiceRtj/verPDF.asp?numPDF=181_3"
"2002"	"182"	"1"	"https://portal.stf.jus.br/indiceRtj/verPDF.asp?numPDF=182_1"
"2002"	"182"	"2"	"https://portal.stf.jus.br/indiceRtj/verPDF.asp?numPDF=182_2"
"2002"	"182"	"3"	"https://portal.stf.jus.br/indiceRtj/verPDF.asp?numPDF=182_3"
"2003"	"183"	"1"	"https://portal.stf.jus.br/indiceRtj/verPDF.asp?numPDF=183_1"
"2003"	"183"	"2"	"https://portal.stf.jus.br/indiceRtj/verPDF.asp?numPDF=183_2"
"2003"	"183"	"3"	"https://portal.stf.jus.br/indiceRtj/verPDF.asp?numPDF=183_3"
"2003"	"184"	"1"	"https://portal.stf.jus.br/indiceRtj/verPDF.asp?numPDF=184_1"
"2003"	"184"	"2"	"https://portal.stf.jus.br/indiceRtj/verPDF.asp?numPDF=184_2"
"2003"	"184"	"3"	"https://portal.stf.jus.br/indiceRtj/verPDF.asp?numPDF=184_3"
"2003"	"185"	"1"	"https://portal.stf.jus.br/indiceRtj/verPDF.asp?numPDF=185_1"
"2003"	"185"	"2"	"https://portal.stf.jus.br/indiceRtj/verPDF.asp?numPDF=185_2"
"2003"	"185"	"3"	"https://portal.stf.jus.br/indiceRtj/verPDF.asp?numPDF=185_3"
"2003"	"186"	"1"	"https://portal.stf.jus.br/indiceRtj/verPDF.asp?numPDF=186_1"
"2003"	"186"	"2"	"https://portal.stf.jus.br/indiceRtj/verPDF.asp?numPDF=186_2"
"2003"	"186"	"3"	"https://portal.stf.jus.br/indiceRtj/verPDF.asp?numPDF=186_3"
"2004"	"187"	"1"	"https://portal.stf.jus.br/indiceRtj/verPDF.asp?numPDF=187_1"
"2004"	"187"	"2"	"https://portal.stf.jus.br/indiceRtj/verPDF.asp?numPDF=187_2"
"2004"	"187"	"3"	"https://portal.stf.jus.br/indiceRtj/verPDF.asp?numPDF=187_3"
"2004"	"188"	"1"	"https://portal.stf.jus.br/indiceRtj/verPDF.asp?numPDF=188_1"
"2004"	"188"	"2"	"https://portal.stf.jus.br/indiceRtj/verPDF.asp?numPDF=188_2"
"2004"	"188"	"3"	"https://portal.stf.jus.br/indiceRtj/verPDF.asp?numPDF=188_3"
"2004"	"189"	"1"	"https://portal.stf.jus.br/indiceRtj/verPDF.asp?numPDF=189_1"
"2004"	"189"	"2"	"https://portal.stf.jus.br/indiceRtj/verPDF.asp?numPDF=189_2"
"2004"	"189"	"3"	"https://portal.stf.jus.br/indiceRtj/verPDF.asp?numPDF=189_3"
"2004"	"190"	"1"	"https://portal.stf.jus.br/indiceRtj/verPDF.asp?numPDF=190_1"
"2004"	"190"	"2"	"https://portal.stf.jus.br/indiceRtj/verPDF.asp?numPDF=190_2"
"2004"	"190"	"3"	"https://portal.stf.jus.br/indiceRtj/verPDF.asp?numPDF=190_3"
"2005"	"191"	"1"	"https://portal.stf.jus.br/indiceRtj/verPDF.asp?numPDF=191_1"
"2005"	"191"	"2"	"https://portal.stf.jus.br/indiceRtj/verPDF.asp?numPDF=191_2"
"2005"	"191"	"3"	"https://portal.stf.jus.br/indiceRtj/verPDF.asp?numPDF=191_3"
"2005"	"192"	"1"	"https://portal.stf.jus.br/indiceRtj/verPDF.asp?numPDF=192_1"
"2005"	"192"	"2"	"https://portal.stf.jus.br/indiceRtj/verPDF.asp?numPDF=192_2"
"2005"	"192"	"3"	"https://portal.stf.jus.br/indiceRtj/verPDF.asp?numPDF=192_3"
"2005"	"193"	"1"	"https://portal.stf.jus.br/indiceRtj/verPDF.asp?numPDF=193_1"
"2005"	"193"	"2"	"https://portal.stf.jus.br/indiceRtj/verPDF.asp?numPDF=193_2"
"2005"	"193"	"3"	"https://portal.stf.jus.br/indiceRtj/verPDF.asp?numPDF=193_3"
"2005"	"194"	"1"	"https://portal.stf.jus.br/indiceRtj/verPDF.asp?numPDF=194_1"
"2005"	"194"	"2"	"https://portal.stf.jus.br/indiceRtj/verPDF.asp?numPDF=194_2"
"2005"	"194"	"3"	"https://portal.stf.jus.br/indiceRtj/verPDF.asp?numPDF=194_3"
"2006"	"195"	"1"	"https://portal.stf.jus.br/indiceRtj/verPDF.asp?numPDF=195_1"
"2006"	"195"	"2"	"https://portal.stf.jus.br/indiceRtj/verPDF.asp?numPDF=195_2"
"2006"	"195"	"3"	"https://portal.stf.jus.br/indiceRtj/verPDF.asp?numPDF=195_3"
"2006"	"196"	"1"	"https://portal.stf.jus.br/indiceRtj/verPDF.asp?numPDF=196_1"
"2006"	"196"	"2"	"https://portal.stf.jus.br/indiceRtj/verPDF.asp?numPDF=196_2"
"2006"	"196"	"3"	"https://portal.stf.jus.br/indiceRtj/verPDF.asp?numPDF=196_3"
"2006"	"197"	"1"	"https://portal.stf.jus.br/indiceRtj/verPDF.asp?numPDF=197_1"
"2006"	"197"	"2"	"https://portal.stf.jus.br/indiceRtj/verPDF.asp?numPDF=197_2"
"2006"	"197"	"3"	"https://portal.stf.jus.br/indiceRtj/verPDF.asp?numPDF=197_3"
"2006"	"198"	"1"	"https://portal.stf.jus.br/indiceRtj/verPDF.asp?numPDF=198_1"
"2006"	"198"	"2"	"https://portal.stf.jus.br/indiceRtj/verPDF.asp?numPDF=198_2"
"2006"	"198"	"3"	"https://portal.stf.jus.br/indiceRtj/verPDF.asp?numPDF=198_3"
"2007"	"199"	"1"	"https://portal.stf.jus.br/indiceRtj/verPDF.asp?numPDF=199_1"
"2007"	"199"	"2"	"https://portal.stf.jus.br/indiceRtj/verPDF.asp?numPDF=199_2"
"2007"	"199"	"3"	"https://portal.stf.jus.br/indiceRtj/verPDF.asp?numPDF=199_3"
"2007"	"200"	"1"	"https://portal.stf.jus.br/indiceRtj/verPDF.asp?numPDF=200_1"
"2007"	"200"	"2"	"https://portal.stf.jus.br/indiceRtj/verPDF.asp?numPDF=200_2"
"2007"	"200"	"3"	"https://portal.stf.jus.br/indiceRtj/verPDF.asp?numPDF=200_3"
"2007"	"201"	"1"	"https://portal.stf.jus.br/indiceRtj/verPDF.asp?numPDF=201_1"
"2007"	"201"	"2"	"https://portal.stf.jus.br/indiceRtj/verPDF.asp?numPDF=201_2"
"2007"	"201"	"3"	"https://portal.stf.jus.br/indiceRtj/verPDF.asp?numPDF=201_3"
"2007"	"202"	"1"	"https://portal.stf.jus.br/indiceRtj/verPDF.asp?numPDF=202_1"
"2007"	"202"	"2"	"https://portal.stf.jus.br/indiceRtj/verPDF.asp?numPDF=202_2"
"2007"	"202"	"3"	"https://portal.stf.jus.br/indiceRtj/verPDF.asp?numPDF=202_3"
"2008"	"203"	"1"	"https://portal.stf.jus.br/indiceRtj/verPDF.asp?numPDF=203_1"
"2008"	"203"	"2"	"https://portal.stf.jus.br/indiceRtj/verPDF.asp?numPDF=203_2"
"2008"	"203"	"3"	"https://portal.stf.jus.br/indiceRtj/verPDF.asp?numPDF=203_3"
"2008"	"204"	"1"	"https://portal.stf.jus.br/indiceRtj/verPDF.asp?numPDF=204_1"
"2008"	"204"	"2"	"https://portal.stf.jus.br/indiceRtj/verPDF.asp?numPDF=204_2"
"2008"	"204"	"3"	"https://portal.stf.jus.br/indiceRtj/verPDF.asp?numPDF=204_3"
"2008"	"205"	"1"	"https://portal.stf.jus.br/indiceRtj/verPDF.asp?numPDF=205_1"
"2008"	"205"	"2"	"https://portal.stf.jus.br/indiceRtj/verPDF.asp?numPDF=205_2"
"2008"	"205"	"3"	"https://portal.stf.jus.br/indiceRtj/verPDF.asp?numPDF=205_3"
"2008"	"206"	"1"	"https://portal.stf.jus.br/indiceRtj/verPDF.asp?numPDF=206_1"
"2008"	"206"	"2"	"https://portal.stf.jus.br/indiceRtj/verPDF.asp?numPDF=206_2"
"2008"	"206"	"3"	"https://portal.stf.jus.br/indiceRtj/verPDF.asp?numPDF=206_3"
"2009"	"207"	"1"	"https://portal.stf.jus.br/indiceRtj/verPDF.asp?numPDF=207_1"
"2009"	"207"	"2"	"https://portal.stf.jus.br/indiceRtj/verPDF.asp?numPDF=207_2"
"2009"	"207"	"3"	"https://portal.stf.jus.br/indiceRtj/verPDF.asp?numPDF=207_3"
"2009"	"208"	"1"	"https://portal.stf.jus.br/indiceRtj/verPDF.asp?numPDF=208_1"
"2009"	"208"	"2"	"https://portal.stf.jus.br/indiceRtj/verPDF.asp?numPDF=208_2"
"2009"	"208"	"3"	"https://portal.stf.jus.br/indiceRtj/verPDF.asp?numPDF=208_3"
"2009"	"209"	"1"	"https://portal.stf.jus.br/indiceRtj/verPDF.asp?numPDF=209_1"
"2009"	"209"	"2"	"https://portal.stf.jus.br/indiceRtj/verPDF.asp?numPDF=209_2"
"2009"	"209"	"3"	"https://portal.stf.jus.br/indiceRtj/verPDF.asp?numPDF=209_3"
"2009"	"210"	"1"	"https://portal.stf.jus.br/indiceRtj/verPDF.asp?numPDF=210_1"
"2009"	"210"	"2"	"https://portal.stf.jus.br/indiceRtj/verPDF.asp?numPDF=210_2"
"2009"	"210"	"3"	"https://portal.stf.jus.br/indiceRtj/verPDF.asp?numPDF=210_3"
"2010"	"211"	"1"	"https://portal.stf.jus.br/indiceRtj/verPDF.asp?numPDF=211_1"
"2010"	"212"	"1"	"https://portal.stf.jus.br/indiceRtj/verPDF.asp?numPDF=212_1"
"2010"	"213"	"1"	"https://portal.stf.jus.br/indiceRtj/verPDF.asp?numPDF=213_1"
"2010"	"214"	"1"	"https://portal.stf.jus.br/indiceRtj/verPDF.asp?numPDF=214_1"
"2011"	"215"	"1"	"https://portal.stf.jus.br/indiceRtj/verPDF.asp?numPDF=215_1"
"2011"	"216"	"1"	"https://portal.stf.jus.br/indiceRtj/verPDF.asp?numPDF=216_1"
"2011"	"217"	"1"	"https://portal.stf.jus.br/indiceRtj/verPDF.asp?numPDF=217_1"
"2011"	"218"	"1"	"https://portal.stf.jus.br/indiceRtj/verPDF.asp?numPDF=218_1"
"2012"	"219"	"1"	"https://portal.stf.jus.br/indiceRtj/verPDF.asp?numPDF=219_1"
"2012"	"220"	"1"	"https://portal.stf.jus.br/indiceRtj/verPDF.asp?numPDF=220_1"
"2012"	"221"	"1"	"https://portal.stf.jus.br/indiceRtj/verPDF.asp?numPDF=221_1"
"2012"	"222"	"1"	"https://portal.stf.jus.br/indiceRtj/verPDF.asp?numPDF=222_1"
"2013"	"223"	"1"	"https://portal.stf.jus.br/indiceRtj/verPDF.asp?numPDF=223_1"
"2013"	"224"	"1"	"https://portal.stf.jus.br/indiceRtj/verPDF.asp?numPDF=224_1"
"2013"	"225"	"1"	"https://portal.stf.jus.br/indiceRtj/verPDF.asp?numPDF=225_1"
"2013"	"225"	"2"	"https://portal.stf.jus.br/indiceRtj/verPDF.asp?numPDF=225_2"
"2013"	"225"	"3"	"https://portal.stf.jus.br/indiceRtj/verPDF.asp?numPDF=225_3"
"2013"	"225"	"4"	"https://portal.stf.jus.br/indiceRtj/verPDF.asp?numPDF=225_4"
"2013"	"225"	"5"	"https://portal.stf.jus.br/indiceRtj/verPDF.asp?numPDF=225_5"
"2013"	"226"	"1"	"https://portal.stf.jus.br/indiceRtj/verPDF.asp?numPDF=226_1"
"2014"	"227"	"1"	"https://portal.stf.jus.br/indiceRtj/verPDF.asp?numPDF=227_1"
"2014"	"228"	"1"	"https://portal.stf.jus.br/indiceRtj/verPDF.asp?numPDF=228_1"
"2014"	"229"	"1"	"https://portal.stf.jus.br/indiceRtj/verPDF.asp?numPDF=229_1"
"2014"	"230"	"1"	"https://portal.stf.jus.br/indiceRtj/verPDF.asp?numPDF=230_1"
"2015"	"231"	"1"	"https://portal.stf.jus.br/indiceRtj/verPDF.asp?numPDF=231_1"
"2015"	"232"	"1"	"https://portal.stf.jus.br/indiceRtj/verPDF.asp?numPDF=232_1"
"2015"	"233"	"1"	"https://portal.stf.jus.br/indiceRtj/verPDF.asp?numPDF=233_1"
"2015"	"234"	"1"	"https://portal.stf.jus.br/indiceRtj/verPDF.asp?numPDF=234_1"
"2016"	"235"	"1"	"https://portal.stf.jus.br/indiceRtj/verPDF.asp?numPDF=235_1"
"2016"	"236"	"1"	"https://portal.stf.jus.br/indiceRtj/verPDF.asp?numPDF=236_1"
"2016"	"237"	"1"	"https://portal.stf.jus.br/indiceRtj/verPDF.asp?numPDF=237_1"
"2016"	"238"	"1"	"https://portal.stf.jus.br/indiceRtj/verPDF.asp?numPDF=238_1"
"2017"	"239"	"1"	"https://portal.stf.jus.br/indiceRtj/verPDF.asp?numPDF=239_1"
